{"cameraMode":{"drawMode":0,"name":"Shaded","section":"Shading Mode"},"sceneLighting":true,"audioPlay":false,"sceneViewState":{"showFog":true,"showMaterialUpdate":false,"showSkybox":true,"showFlares":true,"showImageEffects":true,"showParticleSystems":true},"in2DMode":false,"pivot":{"x":0.7681474685668945,"y":16.55636215209961,"z":3.43179988861084},"rotation":{"x":0.11444883048534394,"y":0.8855057954788208,"z":-0.31549906730651858,"w":0.3208620250225067},"size":10.0,"orthographic":false}