{"cameraMode":{"drawMode":0,"name":"Shaded","section":"Shading Mode"},"sceneLighting":false,"audioPlay":false,"sceneViewState":{"showFog":true,"showMaterialUpdate":false,"showSkybox":false,"showFlares":true,"showImageEffects":true,"showParticleSystems":true},"in2DMode":false,"pivot":{"x":-27.552852630615236,"y":1.662832498550415,"z":30.636615753173829},"rotation":{"x":-0.20470453798770905,"y":0.7947782278060913,"z":-0.41416075825691225,"w":-0.3931962251663208},"size":0.8660253882408142,"orthographic":false}