{"cameraMode":{"drawMode":0,"name":"Shaded","section":"Shading Mode"},"sceneLighting":false,"audioPlay":false,"sceneViewState":{"m_AlwaysRefresh":false,"showFog":true,"showSkybox":false,"showFlares":true,"showImageEffects":true,"showParticleSystems":true,"showVisualEffectGraphs":true,"m_FxEnabled":true},"in2DMode":false,"pivot":{"x":27.045970916748048,"y":18.801742553710939,"z":-5.69219446182251},"rotation":{"x":-0.0009145953226834536,"y":0.9944096803665161,"z":-0.10511016845703125,"w":-0.008651094511151314},"size":11.563855171203614,"orthographic":false}