{"cameraMode":{"drawMode":0,"name":"Shaded","section":"Shading Mode"},"sceneLighting":false,"audioPlay":false,"sceneViewState":{"m_AlwaysRefresh":false,"showFog":true,"showSkybox":false,"showFlares":true,"showImageEffects":true,"showParticleSystems":true,"showVisualEffectGraphs":true,"m_FxEnabled":true},"in2DMode":false,"pivot":{"x":-0.23182940483093263,"y":-22.58122444152832,"z":-8.542585372924805},"rotation":{"x":0.00012719434744212776,"y":0.9988530278205872,"z":0.04767162352800369,"w":-0.0026963308919221164},"size":9.544097900390625,"orthographic":false}