{"cameraMode":{"drawMode":0,"name":"Shaded","section":"Shading Mode"},"sceneLighting":false,"audioPlay":false,"sceneViewState":{"m_AlwaysRefresh":false,"showFog":true,"showSkybox":false,"showFlares":true,"showImageEffects":true,"showParticleSystems":true,"showVisualEffectGraphs":true,"m_FxEnabled":true},"in2DMode":false,"pivot":{"x":0.19502578675746919,"y":-24.17719268798828,"z":0.18806813657283784},"rotation":{"x":-0.0048467484302818779,"y":0.9673993587493897,"z":-0.2524963617324829,"w":-0.018576249480247499},"size":8.577726364135743,"orthographic":false}