{"cameraMode":{"drawMode":0,"name":"Shaded","section":"Shading Mode"},"sceneLighting":false,"audioPlay":false,"sceneViewState":{"m_AlwaysRefresh":false,"showFog":true,"showSkybox":false,"showFlares":true,"showImageEffects":true,"showParticleSystems":true,"showVisualEffectGraphs":true,"m_FxEnabled":true},"in2DMode":false,"pivot":{"x":-1.2455204725265504,"y":18.731212615966798,"z":3.1679158210754396},"rotation":{"x":-0.0028338145930320026,"y":0.984440803527832,"z":-0.17488032579421998,"w":-0.015948748216032983},"size":7.281854152679443,"orthographic":false}