{"cameraMode":{"drawMode":0,"name":"Shaded","section":"Shading Mode"},"sceneLighting":false,"audioPlay":false,"sceneViewState":{"m_AlwaysRefresh":false,"showFog":true,"showSkybox":false,"showFlares":true,"showImageEffects":true,"showParticleSystems":true,"showVisualEffectGraphs":true,"m_FxEnabled":true},"in2DMode":false,"pivot":{"x":28.688451766967775,"y":-26.66009521484375,"z":-12.601099014282227},"rotation":{"x":-0.00012317825166974217,"y":0.9947436451911926,"z":-0.10212872922420502,"w":-0.0011930159525945783},"size":13.612156867980957,"orthographic":false}