{"cameraMode":{"drawMode":0,"name":"Shaded","section":"Shading Mode"},"sceneLighting":false,"audioPlay":false,"sceneViewState":{"m_AlwaysRefresh":false,"showFog":true,"showSkybox":false,"showFlares":true,"showImageEffects":true,"showParticleSystems":true,"showVisualEffectGraphs":true,"m_FxEnabled":true},"in2DMode":false,"pivot":{"x":-0.22808480262756349,"y":0.17669403553009034,"z":-0.36777400970458987},"rotation":{"x":0.005657902453094721,"y":0.9943354725837708,"z":-0.07652511447668076,"w":0.07351657003164292},"size":5.692051410675049,"orthographic":false}