{"cameraMode":{"drawMode":0,"name":"Shaded","section":"Shading Mode"},"sceneLighting":false,"audioPlay":false,"sceneViewState":{"m_AlwaysRefresh":false,"showFog":true,"showSkybox":false,"showFlares":true,"showImageEffects":true,"showParticleSystems":true,"showVisualEffectGraphs":true,"m_FxEnabled":true},"in2DMode":false,"pivot":{"x":0.7125411629676819,"y":1.521164059638977,"z":9.3406400680542},"rotation":{"x":-0.0003661499940790236,"y":0.9961801171302795,"z":-0.08719779551029206,"w":-0.004182878416031599},"size":5.692051410675049,"orthographic":false}