{"cameraMode":{"drawMode":0,"name":"Shaded","section":"Shading Mode"},"sceneLighting":false,"audioPlay":false,"sceneViewState":{"m_AlwaysRefresh":false,"showFog":true,"showSkybox":false,"showFlares":true,"showImageEffects":true,"showParticleSystems":true,"showVisualEffectGraphs":true,"m_FxEnabled":true},"in2DMode":false,"pivot":{"x":0.831262469291687,"y":-0.6832432746887207,"z":1.7084970474243165},"rotation":{"x":0.000054527787142433226,"y":0.9996061325073242,"z":-0.02730598673224449,"w":0.0018002580618485809},"size":7.5262932777404789,"orthographic":false}