{"cameraMode":{"drawMode":0,"name":"Shaded","section":"Shading Mode"},"sceneLighting":false,"audioPlay":false,"sceneViewState":{"m_AlwaysRefresh":false,"showFog":true,"showSkybox":false,"showFlares":true,"showImageEffects":true,"showParticleSystems":true,"showVisualEffectGraphs":true,"m_FxEnabled":true},"in2DMode":false,"pivot":{"x":-0.42924755811691286,"y":0.6936345100402832,"z":-0.2876601219177246},"rotation":{"x":-0.005867293104529381,"y":0.9939407706260681,"z":-0.06750266253948212,"w":-0.0863911435008049},"size":2.3766398429870607,"orthographic":false}