{"cameraMode":{"drawMode":0,"name":"Shaded","section":"Shading Mode"},"sceneLighting":false,"audioPlay":false,"sceneViewState":{"m_AlwaysRefresh":false,"showFog":true,"showSkybox":false,"showFlares":true,"showImageEffects":true,"showParticleSystems":true,"showVisualEffectGraphs":true,"m_FxEnabled":true},"in2DMode":false,"pivot":{"x":-7.656650066375732,"y":2.886655807495117,"z":13.010791778564454},"rotation":{"x":0.039454516023397449,"y":-0.951880931854248,"z":0.26990973949432375,"w":0.13890080153942109},"size":1.4855090379714966,"orthographic":false}