{"cameraMode":{"drawMode":0,"name":"Shaded","section":"Shading Mode"},"sceneLighting":false,"audioPlay":false,"sceneViewState":{"m_AlwaysRefresh":false,"showFog":true,"showSkybox":false,"showFlares":true,"showImageEffects":true,"showParticleSystems":true,"showVisualEffectGraphs":true,"m_FxEnabled":true},"in2DMode":false,"pivot":{"x":2.4724183082580568,"y":36.50817108154297,"z":-16.21674156188965},"rotation":{"x":0.00021597319573629647,"y":0.9927557110786438,"z":-0.12001818418502808,"w":0.0017874379409477115},"size":17.628934860229493,"orthographic":false}