{"cameraMode":{"drawMode":0,"name":"Shaded","section":"Shading Mode"},"sceneLighting":true,"audioPlay":false,"sceneViewState":{"m_AlwaysRefresh":false,"showFog":true,"showSkybox":true,"showFlares":true,"showImageEffects":true,"showParticleSystems":true,"showVisualEffectGraphs":true,"m_FxEnabled":true},"in2DMode":false,"pivot":{"x":3.6829919815063478,"y":0.6526286005973816,"z":-0.3431848883628845},"rotation":{"x":-0.0015196300810202957,"y":0.9979701042175293,"z":-0.05725671723484993,"w":-0.02665216661989689},"size":12.780714988708496,"orthographic":false}