{"cameraMode":{"drawMode":0,"name":"Shaded","section":"Shading Mode"},"sceneLighting":true,"audioPlay":false,"sceneViewState":{"m_AlwaysRefresh":false,"showFog":true,"showSkybox":true,"showFlares":true,"showImageEffects":true,"showParticleSystems":true,"showVisualEffectGraphs":true,"m_FxEnabled":true},"in2DMode":false,"pivot":{"x":4.206205368041992,"y":40.81891632080078,"z":30.399410247802736},"rotation":{"x":-0.004958504345268011,"y":0.8416126370429993,"z":-0.5398159027099609,"w":-0.007524718996137381},"size":12.12435531616211,"orthographic":false}