{"cameraMode":{"drawMode":0,"name":"Shaded","section":"Shading Mode"},"sceneLighting":true,"audioPlay":false,"sceneViewState":{"m_AlwaysRefresh":false,"showFog":true,"showSkybox":true,"showFlares":true,"showImageEffects":true,"showParticleSystems":true,"showVisualEffectGraphs":true,"m_FxEnabled":true},"in2DMode":false,"pivot":{"x":-8.311450004577637,"y":-14.935776710510254,"z":-1.1986327171325684},"rotation":{"x":-0.013551158830523491,"y":0.9834248423576355,"z":-0.0831107422709465,"w":-0.16042056679725648},"size":16.451732635498048,"orthographic":false}