{"cameraMode":{"drawMode":0,"name":"Shaded","section":"Shading Mode"},"sceneLighting":true,"audioPlay":false,"sceneViewState":{"m_AlwaysRefresh":false,"showFog":true,"showSkybox":true,"showFlares":true,"showImageEffects":true,"showParticleSystems":true,"showVisualEffectGraphs":true,"m_FxEnabled":true},"in2DMode":false,"pivot":{"x":-18.888351440429689,"y":2.376697063446045,"z":3.281421661376953},"rotation":{"x":-0.07072645425796509,"y":0.026028890162706376,"z":-0.0018461431609466673,"w":-0.9971553683280945},"size":44.49698257446289,"orthographic":false}