{"cameraMode":{"drawMode":0,"name":"Shaded","section":"Shading Mode"},"sceneLighting":true,"audioPlay":false,"sceneViewState":{"m_AlwaysRefresh":false,"showFog":true,"showSkybox":true,"showFlares":true,"showImageEffects":true,"showParticleSystems":true,"showVisualEffectGraphs":true,"m_FxEnabled":true},"in2DMode":false,"pivot":{"x":-17.392127990722658,"y":57.852725982666019,"z":-10.920624732971192},"rotation":{"x":-0.6085241436958313,"y":-0.00008078596147242934,"z":-0.00005496075391420163,"w":-0.7933513522148132},"size":1.0464348793029786,"orthographic":false}