{"cameraMode":{"drawMode":0,"name":"Shaded","section":"Shading Mode"},"sceneLighting":true,"audioPlay":false,"sceneViewState":{"m_AlwaysRefresh":false,"showFog":true,"showSkybox":true,"showFlares":true,"showImageEffects":true,"showParticleSystems":true,"showVisualEffectGraphs":true,"m_FxEnabled":true},"in2DMode":false,"pivot":{"x":12.571712493896485,"y":-2.1564340591430666,"z":-2.045146942138672},"rotation":{"x":0.1274033784866333,"y":-0.029754336923360826,"z":0.0038252517115324737,"w":0.9913865327835083},"size":27.504961013793947,"orthographic":false}