{"cameraMode":{"drawMode":0,"name":"Shaded","section":"Shading Mode"},"sceneLighting":true,"audioPlay":false,"sceneViewState":{"m_AlwaysRefresh":false,"showFog":true,"showSkybox":true,"showFlares":true,"showImageEffects":true,"showParticleSystems":true,"showVisualEffectGraphs":true,"m_FxEnabled":true},"in2DMode":false,"pivot":{"x":304.2493591308594,"y":202.17251586914063,"z":609.6388549804688},"rotation":{"x":-0.0003147320239804685,"y":0.9991609454154968,"z":0.040178876370191577,"w":0.007793682161718607},"size":29.240476608276368,"orthographic":false}