{"cameraMode":{"drawMode":0,"name":"Shaded","section":"Shading Mode"},"sceneLighting":true,"audioPlay":false,"sceneViewState":{"m_AlwaysRefresh":false,"showFog":true,"showSkybox":true,"showFlares":true,"showImageEffects":true,"showParticleSystems":true,"showVisualEffectGraphs":true,"m_FxEnabled":true},"in2DMode":false,"pivot":{"x":1.8381282091140748,"y":-1.584817886352539,"z":7.102567672729492},"rotation":{"x":0.0720742717385292,"y":0.06875909119844437,"z":-0.004982348065823317,"w":0.9950047135353088},"size":5.535813331604004,"orthographic":false}