{"cameraMode":{"drawMode":0,"name":"Shaded","section":"Shading Mode"},"sceneLighting":true,"audioPlay":false,"sceneViewState":{"m_AlwaysRefresh":false,"showFog":true,"showSkybox":true,"showFlares":true,"showImageEffects":true,"showParticleSystems":true,"showVisualEffectGraphs":true,"m_FxEnabled":true},"in2DMode":false,"pivot":{"x":1.3698077201843262,"y":-1.0796610116958619,"z":6.039565563201904},"rotation":{"x":0.03177801892161369,"y":0.04046241194009781,"z":-0.0012895907275378705,"w":0.9986611008644104},"size":7.02467155456543,"orthographic":false}