{"cameraMode":{"drawMode":0,"name":"Shaded","section":"Shading Mode"},"sceneLighting":true,"audioPlay":false,"sceneViewState":{"m_AlwaysRefresh":false,"showFog":true,"showSkybox":true,"showFlares":true,"showImageEffects":true,"showParticleSystems":true,"showVisualEffectGraphs":true,"m_FxEnabled":true},"in2DMode":false,"pivot":{"x":-0.23356014490127564,"y":-1.4060059785842896,"z":5.988428592681885},"rotation":{"x":0.05120786279439926,"y":-0.055403243750333789,"z":0.0028434395790100099,"w":0.9971321821212769},"size":4.116109848022461,"orthographic":false}