{"cameraMode":{"drawMode":0,"name":"Shaded","section":"Shading Mode"},"sceneLighting":true,"audioPlay":false,"sceneViewState":{"m_AlwaysRefresh":false,"showFog":true,"showSkybox":true,"showFlares":true,"showImageEffects":true,"showParticleSystems":true,"showVisualEffectGraphs":true,"m_FxEnabled":true},"in2DMode":false,"pivot":{"x":15.923255920410157,"y":-0.9053544998168945,"z":2.3768997192382814},"rotation":{"x":-0.05874485522508621,"y":0.02690993994474411,"z":-0.0016776815755292774,"w":-0.9977642893791199},"size":39.779911041259769,"orthographic":false}