{"cameraMode":{"drawMode":0,"name":"Shaded","section":"Shading Mode"},"sceneLighting":false,"audioPlay":false,"sceneViewState":{"m_AlwaysRefresh":false,"showFog":true,"showSkybox":false,"showFlares":true,"showImageEffects":true,"showParticleSystems":true,"showVisualEffectGraphs":true,"m_FxEnabled":true},"in2DMode":false,"pivot":{"x":-32.0490837097168,"y":19.126453399658204,"z":-5.769352436065674},"rotation":{"x":-0.0020538505632430317,"y":0.9877061247825623,"z":-0.15565834939479829,"w":-0.013038109987974167},"size":11.554368019104004,"orthographic":false}