{"cameraMode":{"drawMode":0,"name":"Shaded","section":"Shading Mode"},"sceneLighting":false,"audioPlay":false,"sceneViewState":{"m_AlwaysRefresh":false,"showFog":true,"showSkybox":false,"showFlares":true,"showImageEffects":true,"showParticleSystems":true,"showVisualEffectGraphs":true,"m_FxEnabled":true},"in2DMode":false,"pivot":{"x":0.03193758428096771,"y":-21.56407356262207,"z":-0.9693231582641602},"rotation":{"x":-0.0021323878318071367,"y":0.9936217069625855,"z":-0.11105872690677643,"w":-0.019078953191637994},"size":5.625391483306885,"orthographic":false}