{"cameraMode":{"drawMode":0,"name":"Shaded","section":"Shading Mode"},"sceneLighting":false,"audioPlay":false,"sceneViewState":{"m_AlwaysRefresh":false,"showFog":true,"showSkybox":false,"showFlares":true,"showImageEffects":true,"showParticleSystems":true,"showVisualEffectGraphs":true,"m_FxEnabled":true},"in2DMode":false,"pivot":{"x":-0.5356947779655457,"y":-28.182668685913087,"z":-10.999967575073243},"rotation":{"x":-0.0006384283769875765,"y":0.998445451259613,"z":-0.05427851527929306,"w":-0.011681168340146542},"size":13.063821792602539,"orthographic":false}